season,total_runs
2008,148.29310344827587
2009,136.05263157894737
2010,149.61666666666667
2011,139.31944444444446
2012,145.8783783783784
2013,140.69736842105263
2014,152.08333333333334
2015,146.94827586206895
2016,151.76666666666668
2017,152.33898305084745
